Sales Manager,Salesperson
Ethan Zhao,Ethan Zhao
Ethan Zhao,HAO PAN
Ethan Zhao,Helen Pan
Fiona Wu,Amy Jiang
Fiona Wu,Fiona Wu
Fiona Wu,Jie Zhu (Selina)
Fiona Wu,Mia Wu
Hao He (Bruce),Bo Chu (Ivy)
Hao He (Bruce),Fiona Pan
Hao He (Bruce),Hao He (Bruce)
Hao He (Bruce),KAI ZOU
Hao He (Bruce),MING HAN
Hao He (Bruce),Ting Jin (Peter)
Hao He (Bruce),Yun Jiang (Ethan)
Hao He (Bruce),Yvonne Tao
Hao Shi (Grace),Amy Zou
Hao Shi (Grace),Cathy Kong
Hao Shi (Grace),Hao Shi (Grace)
Hao Shi (Grace),Peng He (Selina)
Mia Xie,Jason Zou
Mia Xie,Mia Xie
Mia Xie,YAN GE
Ting Qin (Joyce),FANG SHEN
Ting Qin (Joyce),Louis Xu
Ting Qin (Joyce),Ting Qin (Joyce)
Victor Yang,JIE ZOU
Victor Yang,Peng He (Selina)
Victor Yang,Victor Yang
Yan Wei (Emma),YUN CHU
Yan Wei (Emma),Yan Wei (Emma)
Yan Wei (Emma),Yun Zheng (Irene)
